,A,B,C,G,R,X6,X8,Class
1583,25,651.83,589.8,84.54,151,48.3444,0.1395,E
1584,27,635.79,589.8,90.94,60,43.3333,0.3495,E
1585,27,643.92,369.88,86.99,141,29.7872,0.135,E
1586,26,648.19,609.8,86.99,212,54.2453,0.1753,E
1587,23,622.35,579.81,88.26,200,62.5,0.2393,E
1588,22,639.34,569.81,78.97,255,51.7647,0.139,E
1589,24,702.27,589.8,61.24,663,50.3771,0.2848,E
1590,21,718.22,649.78,61.24,2181,30.6282,0.1428,E
1591,18,690.23,359.88,74.1,951,21.9769,0.1348,E
1592,23,678.38,619.79,80.03,446,42.1525,0.1371,E
1593,23,687.21,359.88,58.84,2696,46.5134,0.1354,E
1594,25,676.05,359.88,58.84,2657,45.4272,0.1376,E
1595,24,649.56,569.81,84.54,538,27.5093,0.14,E
1596,21,618.49,549.82,84.54,616,6.4935,0.3163,E
1597,18,611.29,549.82,90.94,462,14.0693,0.2785,E
1598,17,621.97,589.8,90.94,161,13.0435,0.1398,E
1599,24,609.58,559.81,92.34,50,38.0,0.2792,E
1600,29,590.62,559.81,96.81,107,15.8879,0.1382,E
1601,25,592.46,549.82,85.74,635,9.2913,0.1378,E
1602,20,580.21,539.82,85.74,609,14.7783,0.1724,E
1603,16,567.07,539.82,95.27,199,34.1709,0.1383,E
1604,18,581.85,539.82,89.58,405,17.7778,0.1403,E
1605,19,582.21,549.82,89.58,384,14.0625,0.1718,E
1606,20,603.55,549.82,51.74,5454,64.1731,0.1381,E
1607,26,607.71,549.82,90.94,268,57.4627,0.1371,E
1608,27,615.66,579.81,92.34,59,47.4576,0.1766,E
1609,24,622.13,369.88,92.34,79,73.4177,0.171,E
1610,24,621.31,589.8,89.58,198,32.3232,0.3149,E
1611,24,632.56,389.87,83.36,559,25.2236,0.3027,E
1612,20,674.19,619.79,82.22,282,25.8865,0.3449,E
1613,17,682.87,649.78,82.22,183,24.0437,0.1395,E
1614,16,684.53,649.78,78.97,215,65.1163,0.3478,E
1615,18,683.11,639.79,78.97,143,77.6224,0.1394,E
1616,22,662.51,509.83,85.74,261,71.6475,0.2401,E
1617,23,661.6,509.83,84.54,364,60.1648,0.2405,E
1618,25,671.17,619.79,77.95,550,45.6364,0.1386,E
1619,25,660.48,599.8,77.95,560,29.4643,0.1408,E
1620,27,642.45,599.8,85.74,112,36.6071,0.2421,E
1621,27,641.34,619.79,89.58,45,57.7778,0.1733,E
1622,24,636.68,579.81,90.94,144,65.9722,0.1396,E
1623,25,630.22,569.81,77.95,578,68.5121,0.138,E
1624,25,638.05,369.88,77.95,708,54.661,0.2044,E
1625,27,646.38,589.8,86.99,170,32.3529,0.2461,E
1626,26,634.01,589.8,86.99,145,44.1379,0.2103,E
1627,26,647.34,609.8,85.74,144,41.6667,0.20600000000000002,E
1628,26,663.96,619.79,85.74,140,58.5714,0.3503,E
1629,25,641.79,589.8,85.74,144,46.5278,0.3463,E
1630,26,629.36,589.8,88.26,177,25.9887,0.1382,E
1631,27,656.83,589.8,83.36,155,49.0323,0.1384,E
1632,25,671.37,359.88,81.11,304,47.3684,0.1354,E
1633,25,691.23,649.78,78.97,340,43.5294,0.1411,E
1634,25,689.77,649.78,80.03,312,56.0897,0.2829,E
1635,25,669.78,629.79,83.36,203,59.6059,0.3472,E
1636,26,642.01,599.8,84.54,158,55.6962,0.1731,E
1637,27,629.79,599.8,89.58,65,38.4615,0.2761,E
1638,26,646.01,599.8,86.99,144,38.1944,0.1376,E
1639,27,662.34,599.8,82.22,201,25.8706,0.1404,E
1640,26,670.47,599.8,78.97,247,57.8947,0.1387,E
1641,26,648.42,599.8,78.97,198,62.6263,0.2804,E
1642,28,623.49,599.8,84.54,123,39.0244,0.1743,E
1643,28,608.95,569.81,92.34,89,47.191,0.3145,E
1644,24,595.52,559.81,92.34,203,46.798,0.1714,E
1645,22,601.67,559.81,92.34,158,25.3165,0.3116,E
1646,24,630.23,559.81,89.58,66,28.7879,0.3173,E
1647,26,636.01,609.8,89.58,51,33.3333,0.3494,E
1648,24,629.57,609.8,89.58,80,26.25,0.2417,E
1649,21,637.12,609.8,89.58,101,33.6634,0.2442,E
1650,21,631.53,559.81,88.26,592,23.9865,0.1721,E
1651,22,603.34,549.82,88.26,472,59.7458,0.1381,E
1652,21,619.16,549.82,84.54,461,41.8655,0.1375,E
1653,22,659.78,619.79,78.97,646,22.6006,0.2467,E
1654,22,687.87,599.8,57.71,3798,81.2006,0.1385,E
1655,22,667.68,579.81,57.71,2897,76.3203,0.1742,E
1656,23,660.94,579.81,75.03,739,52.9093,0.1407,E
1657,25,664.32,609.8,75.03,311,52.4116,0.1711,E
1658,27,637.4,369.88,88.26,146,52.7397,0.1364,E
1659,22,659.78,599.8,70.61,1097,62.5342,0.2067,E
1660,18,671.44,349.88,70.61,2493,75.6117,0.1418,E
1661,15,682.63,349.88,80.03,175,75.4286,0.2442,E
1662,19,698.06,649.78,44.46,9846,72.8722,0.2446,E
1663,24,683.11,599.8,44.46,12888,63.4699,0.2091,E
1664,26,641.31,369.88,78.97,493,49.4929,0.2034,E
1665,23,664.66,599.8,82.22,281,76.1566,0.1749,E
1666,23,695.87,669.78,82.22,103,72.8155,0.1402,E
1667,22,696.6,659.78,81.11,78,65.3846,0.1401,E
1668,20,685.96,659.78,81.11,121,52.8926,0.1388,E
1669,23,678.61,639.79,72.31,806,50.4963,0.1371,E
1670,23,681.17,639.79,72.31,786,62.4682,0.1366,E
1671,24,694.29,649.78,80.03,281,82.2064,0.1715,E
1672,24,690.72,629.79,80.03,320,65.0,0.2758,E
1673,24,654.33,579.81,82.22,334,43.7126,0.1389,E
1674,24,664.55,379.87,75.03,1148,46.1672,0.2394,E
1675,22,720.51,649.78,75.03,611,67.2668,0.2776,E
1676,24,722.01,689.77,80.03,85,56.4706,0.3463,E
1677,25,713.76,689.77,77.95,150,18.6667,0.3503,E
1678,24,715.01,689.77,77.95,190,15.2632,0.3497,E
1679,23,701.72,589.8,80.03,453,15.894,0.139,E
1680,17,634.23,569.81,82.22,376,25.0,0.2102,E
1681,17,628.7,569.81,82.22,144,34.0278,0.242,E
1682,25,673.03,599.8,81.11,286,40.9091,0.1382,E
1683,25,684.06,659.78,81.11,112,47.3214,0.1392,E
1684,24,670.47,619.79,83.36,116,16.3793,0.1387,E
1685,23,640.23,579.81,83.36,542,22.3247,0.1388,E
1686,24,640.45,579.81,85.74,344,52.0349,0.1735,E
1687,26,692.15,629.79,76.95,384,63.2812,0.3096,E
1688,24,714.51,659.78,76.95,301,74.4186,0.2799,E
1689,25,690.5,629.79,80.03,260,58.0769,0.1766,E
1690,25,668.61,609.8,82.22,530,44.9057,0.1739,E
1691,26,642.01,589.8,84.54,174,59.1954,0.1731,E
1692,25,643.34,589.8,84.54,208,79.8077,0.2763,E
1693,26,644.79,599.8,84.54,182,90.1099,0.141,E
1694,25,636.68,599.8,89.58,132,87.1212,0.1745,E
1695,23,666.29,469.84,62.52,2673,70.4078,0.3141,E
1696,24,684.3,469.84,62.52,4457,59.6365,0.3132,E
1697,23,661.6,599.8,80.03,553,33.6347,0.2748,E
1698,23,670.71,619.79,60.63,1919,59.9792,0.1387,E
1699,21,681.44,619.79,60.63,2210,62.3077,0.1398,E
1700,18,666.29,619.79,80.03,302,42.053000000000004,0.1396,E
1701,16,636.23,569.81,83.36,181,12.7072,0.3493,E
1702,15,646.45,569.81,83.36,306,23.5294,0.1375,E
1703,14,665.13,639.79,83.36,181,32.0442,0.1399,E
1704,15,622.4,499.83,89.58,408,31.3725,0.3493,E
1705,18,563.15,369.88,92.34,235,77.0213,0.2786,E
1706,19,568.63,369.88,81.11,1289,24.4375,0.2759,E
1707,19,601.71,539.82,81.11,1332,6.7568,0.2475,E
1708,20,610.43,569.81,92.34,122,46.7213,0.2788,E
1709,16,621.49,579.81,88.26,168,28.5714,0.2739,E
1710,14,631.75,559.81,86.99,411,21.1679,0.3097,E
1711,14,637.57,559.81,83.36,801,24.5943,0.1394,E
1712,15,649.34,569.81,80.03,928,51.4009,0.1369,E
1713,14,660.71,589.8,75.03,837,56.8698,0.1408,E
1714,10,663.27,599.8,75.03,579,69.9482,0.3156,E
1715,11,624.79,319.89,84.54,976,74.5902,0.2784,E
1716,12,627.4,319.89,81.11,1455,54.433,0.2772,E
1717,11,665.59,609.8,63.85,2255,62.2616,0.1398,E
1718,14,647.51,589.8,63.85,1934,71.4581,0.1404,E
1719,13,619.79,579.81,86.99,316,29.7468,0.2455,E
1720,12,628.49,579.81,86.99,260,48.8462,0.2075,E
1721,10,622.18,569.81,90.94,86,26.7442,0.3494,E
1722,14,631.12,569.81,81.11,281,46.6192,0.3521,E
1723,14,661.64,609.8,81.11,593,43.339,0.2109,E
1724,13,651.83,609.8,81.11,288,25.3472,0.1395,E
1725,15,637.12,599.8,89.58,113,56.6372,0.3488,E
1726,18,626.01,569.81,89.58,265,30.9434,0.3195,E
1727,19,632.83,569.81,85.74,448,29.4643,0.3092,E
1728,21,659.78,619.79,85.74,203,52.7094,0.3525,E
1729,17,656.6,609.8,85.74,230,24.3478,0.3461,E
1730,10,658.42,619.79,86.99,118,55.9322,0.2761,E
1731,10,639.29,559.81,86.99,131,74.8092,0.2346,E
1732,14,621.19,559.81,90.94,107,62.6168,0.2246,E
1733,20,630.46,589.8,89.58,186,56.9892,0.141,E
1734,17,633.12,589.8,89.58,178,60.6742,0.1755,E
1735,12,622.18,599.8,90.94,103,44.6602,0.1747,E
1736,10,633.57,599.8,88.26,89,39.3258,0.3508,E
1737,11,633.34,599.8,88.26,78,41.0256,0.3509,E
1738,14,616.53,579.81,90.94,91,40.6593,0.1763,E
1739,18,614.9,579.81,90.94,91,39.5604,0.17300000000000001,E
1740,17,613.84,579.81,92.34,106,30.1887,0.1386,E
1741,13,622.23,579.81,85.74,113,92.9204,0.1568,E
1742,10,641.74,599.8,85.74,132,72.7273,0.152,E
1743,10,638.23,589.8,88.26,108,25.9259,0.3482,E
1744,11,636.23,589.8,82.22,163,27.6074,0.2445,E
1745,11,617.84,579.81,82.22,131,35.8779,0.1407,E
1746,13,621.71,579.81,49.6,6952,63.2768,0.1711,E
1747,12,640.01,579.81,48.02,13966,88.60799999999999,0.2083,E
1748,10,620.88,579.81,48.02,8753,72.6265,0.1751,E
1749,12,603.97,559.81,93.78,169,28.9941,0.138,E
1750,17,605.97,559.81,88.26,342,30.4094,0.1756,E
1751,16,622.9,579.81,88.26,244,50.0,0.2854,E
1752,12,641.12,599.8,75.97,866,36.7206,0.1386,E
1753,12,655.46,599.8,78.97,477,18.6583,0.1387,E
1754,12,643.65,609.8,78.97,550,38.7273,0.1412,E
1755,11,614.48,589.8,90.94,113,29.2035,0.1731,E
1756,13,623.49,589.8,89.58,98,39.7959,0.3487,E
1757,16,624.79,589.8,89.58,158,62.6582,0.2784,E
1758,15,595.52,349.88,69.79,1516,66.029,0.3084,E
1759,17,595.63,349.88,50.44,8219,66.6991,0.1749,E
1760,13,618.49,549.82,50.44,6965,69.2175,0.1406,E
1761,10,630.01,549.82,81.11,557,29.0844,0.3451,E
1762,11,678.61,569.81,44.79,14286,77.6844,0.3084,E
1763,15,678.02,549.82,44.79,36055,68.1459,0.2581,E
1764,15,633.12,549.82,61.88,4702,66.2484,0.1504,E
1765,13,644.1,559.81,63.18,2293,46.7074,0.1764,E
1766,11,655.92,619.79,83.36,477,35.2201,0.1386,E
1767,11,621.97,559.81,85.74,261,44.0613,0.1398,E
1768,13,618.49,559.81,85.74,101,29.703000000000003,0.1406,E
1769,11,665.59,609.8,82.22,186,16.6667,0.1398,E
1770,12,674.78,609.8,82.22,251,35.8566,0.1411,E
1771,12,692.94,609.8,62.52,1860,71.3441,0.17600000000000002,E
1772,11,719.51,619.79,62.52,3150,69.2063,0.1737,E
1773,13,685.01,609.8,70.61,1505,59.0698,0.1738,E
1774,20,654.55,589.8,83.36,456,51.3158,0.1736,E
1775,17,646.01,579.81,82.22,751,22.7696,0.1376,E
1776,12,673.58,579.81,65.24,2448,30.433000000000003,0.1767,E
1777,13,675.36,599.8,65.24,2391,23.8394,0.1377,E
1778,19,646.6,599.8,83.36,575,20.3478,0.3163,E
1779,16,658.42,599.8,77.95,541,56.3771,0.1726,E
1780,12,668.61,619.79,77.95,810,41.2346,0.2087,E
1781,12,677.16,619.79,78.97,581,39.4148,0.1406,E
1782,9,671.17,619.79,81.11,412,52.6699,0.1386,E
1783,12,669.08,629.79,82.22,358,71.2291,0.1738,E
1784,15,673.82,639.79,82.22,488,78.6885,0.1767,E
1785,14,660.69,609.8,82.22,253,55.7312,0.3096,E
1786,16,647.34,599.8,84.54,325,29.2308,0.1716,E
1787,16,653.65,599.8,84.54,388,16.7526,0.1391,E
1788,13,663.03,619.79,84.54,370,31.0811,0.1754,E
1789,16,657.74,589.8,84.54,576,53.125,0.2073,E
1790,18,662.1,589.8,84.54,575,30.9565,0.1756,E
1791,14,671.92,619.79,84.54,191,29.8429,0.3544,E
1792,12,676.02,649.78,84.54,79,49.3671,0.2219,E
1793,16,667.03,599.8,82.22,309,72.8155,0.1874,E
1794,21,646.38,599.8,82.22,314,59.5541,0.1406,E
1795,23,652.28,609.8,83.36,181,22.6519,0.2091,E
1796,22,671.87,619.79,76.95,391,29.9233,0.2077,E
1797,21,693.34,619.79,74.1,1344,9.4494,0.20600000000000002,E
1798,20,713.01,639.79,74.1,1253,9.8962,0.1403,E
1799,20,663.03,349.88,75.97,1745,57.4212,0.1754,E
1800,19,652.51,349.88,76.95,1581,73.6875,0.1742,E
1801,19,684.77,609.8,80.03,460,63.4783,0.1391,E
1802,23,668.35,619.79,82.22,159,70.4403,0.1425,E
1803,22,663.5,619.79,83.36,131,42.7481,0.2804,E
1804,23,672.57,619.79,78.97,394,42.3858,0.1729,E
1805,23,681.92,629.79,78.97,541,47.3198,0.1397,E
1806,22,678.11,629.79,80.03,511,18.1996,0.1404,E
1807,20,664.43,619.79,80.03,274,28.8321,0.21,E
1808,19,670.94,619.79,83.36,133,32.3308,0.20800000000000002,E
1809,16,684.77,659.78,83.36,82,39.0244,0.1739,E
1810,18,680.7,359.88,78.97,216,34.7222,0.205,E
1811,21,701.72,629.79,78.97,293,17.0648,0.139,E
1812,21,700.01,649.78,81.11,275,27.2727,0.1394,E
1813,25,666.99,579.81,80.03,477,25.7862,0.1395,E
1814,26,641.34,579.81,80.03,378,16.4021,0.2772,E
1815,22,635.34,559.81,82.22,491,43.5845,0.3498,E
1816,14,645.69,559.81,82.22,624,26.4423,0.1408,E
1817,16,655.64,359.88,81.11,391,26.087,0.1488,E
1818,23,678.31,599.8,81.11,236,38.5593,0.1798,E
1819,24,703.67,679.77,81.11,45,31.1111,0.312,E
1820,24,708.54,679.77,81.11,84,19.0476,0.3442,E
1821,23,698.58,359.88,82.22,48,62.5,0.1704,E
1822,23,707.81,689.77,81.11,53,30.1887,0.2412,E
1823,25,693.91,619.79,81.11,319,11.2853,0.24600000000000002,E
1824,23,701.52,619.79,65.96,1191,48.0269,0.1426,E
1825,22,733.35,669.78,65.96,874,70.0229,0.1399,E
1826,23,721.01,689.77,76.95,376,23.1383,0.3121,E
1827,24,702.45,679.77,82.22,36,61.1111,0.1736,E
1828,22,694.65,639.79,83.36,124,25.0,0.1756,E
1829,23,656.14,589.8,83.36,339,56.6372,0.1386,E
1830,24,656.29,589.8,80.03,297,59.596000000000004,0.2481,E
1831,17,698.06,659.78,77.95,189,46.5608,0.1398,E
1832,11,690.26,659.78,82.22,126,57.9365,0.212,E
1833,11,677.63,659.78,84.54,70,31.4286,0.2108,E
1834,12,673.73,619.79,81.11,274,8.0292,0.3107,E
1835,19,670.01,619.79,81.11,320,15.3125,0.1388,E
1836,18,679.54,609.8,81.11,209,75.1196,0.1752,E
1837,13,704.89,609.8,75.97,285,55.4386,0.17300000000000001,E
1838,14,743.44,689.77,61.24,1549,37.1207,0.1416,E
1839,11,743.17,669.78,61.24,1831,46.8596,0.1771,E
1840,16,707.51,639.79,78.97,204,18.6275,0.1413,E
1841,12,703.42,639.79,80.03,231,6.4935,0.2427,E
1842,8,708.51,659.78,81.11,76,43.4211,0.3529,E
1843,14,690.01,359.88,82.22,284,15.1408,0.2761,E
1844,16,680.73,589.8,77.95,473,39.5349,0.2798,E
1845,13,690.26,589.8,77.95,425,37.6471,0.3534,E
1846,10,694.16,659.78,80.03,190,35.2632,0.1405,E
1847,10,678.82,659.78,85.74,41,65.8537,0.1403,E
1848,8,700.74,659.78,68.99,667,62.5187,0.2088,E
1849,12,700.74,559.81,68.99,763,71.9528,0.2088,E
1850,18,671.68,559.81,78.97,433,45.9584,0.1418,E
1851,20,678.82,619.79,82.22,213,24.4131,0.3508,E
1852,20,689.06,659.78,82.22,66,42.4242,0.3455,E
1853,20,686.68,649.78,83.36,48,50.0,0.2427,E
1854,22,672.1,629.79,83.36,190,34.7368,0.2768,E
1855,23,659.08,609.8,82.22,512,32.2266,0.1764,E
1856,19,647.97,609.8,82.22,210,53.3333,0.1403,E
1857,14,666.52,609.8,81.11,169,29.5858,0.2094,E
1858,10,687.09,649.78,81.11,90,35.5556,0.142,E
1859,15,692.63,659.78,83.36,32,59.375,0.1719,E
1860,21,700.74,689.77,83.36,27,40.7407,0.174,E
1861,20,705.51,689.77,83.36,24,50.0,0.3544,E
1862,21,701.72,649.78,82.22,67,71.6418,0.3128,E
1863,17,687.87,649.78,82.22,74,74.3243,0.2769,E
1864,15,678.35,369.88,66.69,2154,78.4123,0.3159,E
1865,16,661.87,319.89,66.69,4237,82.7236,0.3162,E
1866,14,673.03,319.89,76.95,2752,63.4084,0.1728,E
1867,11,718.26,349.88,42.27,22585,79.6148,0.2785,E
1868,11,765.15,449.85,41.11,11589,51.5834,0.1413,E
1869,10,750.54,689.77,41.11,12629,63.9401,0.1753,E
1870,9,681.59,319.89,76.95,2145,49.5571,0.1334,E
1871,14,700.2,569.81,73.2,667,57.7211,0.3106,E
1872,23,685.03,619.79,73.2,821,54.6894,0.1537,E
1873,25,675.25,619.79,81.11,225,17.3333,0.3526,E
1874,24,691.23,609.8,65.24,1870,55.8824,0.247,E
1875,24,705.37,609.8,65.24,1850,57.8378,0.2766,E
1876,24,730.53,659.78,67.44,985,47.2081,0.2457,E
1877,24,721.26,639.79,75.03,402,43.2836,0.1733,E
1878,24,702.45,639.79,76.95,497,21.7304,0.1389,E
1879,24,700.0,649.78,76.95,316,30.0633,0.1361,E
1880,25,673.58,619.79,76.95,462,30.303,0.1414,E
1881,26,661.82,619.79,84.54,275,17.4545,0.20600000000000002,E
1882,24,658.87,599.8,78.97,367,29.9728,0.1725,E
1883,15,688.31,599.8,78.97,390,33.5897,0.1772,E
1884,13,715.01,649.78,80.03,165,41.8182,0.1399,E
1885,21,659.1,579.81,80.03,166,77.7108,0.1724,E
1886,21,663.5,579.81,81.11,197,30.4569,0.1753,E
1887,15,701.52,669.78,81.11,81,53.0864,0.1426,E
1888,20,690.75,659.78,82.22,105,48.5714,0.1766,E
1889,23,690.25,659.78,83.36,97,39.1753,0.1725,E
1890,22,698.79,659.78,80.03,339,15.9292,0.1396,E
1891,20,707.57,659.78,73.2,355,50.7042,0.2068,E
1892,23,710.01,679.77,73.2,324,58.0247,0.2113,E
1893,22,702.2,659.78,81.11,93,45.1613,0.3126,E
1894,23,692.86,629.79,78.97,584,27.5685,0.2405,E
1895,23,690.75,629.79,78.97,968,18.2851,0.3178,E
1896,19,686.11,629.79,78.97,469,8.5288,0.3555,E
1897,20,659.1,589.8,84.54,233,65.2361,0.2069,E
1898,22,622.77,359.88,64.54,1183,68.3009,0.205,E
1899,21,638.23,359.88,64.54,866,87.5289,0.2786,E
1900,24,671.17,629.79,85.74,130,62.3077,0.2772,E
1901,23,693.18,649.78,74.1,194,84.5361,0.1407,E
1902,20,724.01,659.78,74.1,526,38.403,0.1727,E
1903,19,705.86,609.8,75.03,639,21.9092,0.1728,E
1904,24,660.71,599.8,80.03,138,63.0435,0.17600000000000002,E
1905,24,672.8,609.8,80.03,311,36.6559,0.1383,E
1906,18,697.08,659.78,80.03,133,69.1729,0.2449,E
1907,22,669.78,349.88,83.36,271,41.3284,0.1357,E
1908,17,686.6,609.8,77.95,348,35.6322,0.1421,E
1909,14,718.73,679.77,77.95,138,76.8116,0.2854,E
1910,19,726.42,679.77,75.97,310,30.9677,0.353,E
1911,24,673.41,349.88,75.97,610,29.8361,0.2362,E
1912,22,687.33,609.8,71.45,603,36.1526,0.2129,E
1913,17,746.07,669.78,71.45,356,51.9663,0.3175,E
1914,18,739.75,669.78,74.1,271,38.0074,0.1386,E
1915,20,745.8,649.78,60.63,2045,74.4254,0.1764,E
1916,22,707.57,609.8,60.63,1717,79.2662,0.1724,E
1917,22,671.2,599.8,77.95,970,23.299,0.1419,E
1918,12,724.89,629.79,76.95,561,13.5472,0.1415,E
1919,11,735.25,379.87,76.95,120,31.6667,0.136,E
1920,18,732.83,699.77,77.95,108,37.963,0.2449,E
1921,24,687.15,619.79,80.03,116,41.3793,0.3465,E
1922,24,673.58,619.79,76.95,339,63.4218,0.1767,E
1923,22,701.72,659.78,76.95,400,58.5,0.3476,E
1924,21,712.33,659.78,78.97,282,62.4113,0.36,E
1925,22,709.51,659.78,78.97,203,60.0985,0.3524,E
1926,21,715.66,659.78,69.79,892,90.0224,0.2508,E
1927,21,736.68,669.78,67.44,1166,70.9262,0.2088,E
1928,23,707.57,639.79,67.44,770,50.2597,0.1379,E
1929,23,681.17,369.88,72.31,1113,46.7206,0.1366,E
1930,24,670.24,609.8,72.31,808,52.7228,0.34700000000000003,E
1931,26,656.06,589.8,73.2,710,39.8592,0.1418,E
1932,24,675.25,579.81,45.82,10582,48.1572,0.2116,E
1933,22,680.96,579.81,45.82,10190,52.6202,0.1748,E
1934,23,685.96,649.78,78.97,382,37.6963,0.3471,E
1935,21,688.34,659.78,78.97,173,48.5549,0.3459,E
1936,18,696.6,669.78,75.97,253,50.1976,0.3501,E
1937,16,703.52,679.77,74.1,323,47.3684,0.3198,E
1938,19,677.72,329.89,45.13,4151,86.4611,0.1135,E
1939,24,657.59,329.89,45.13,13898,62.9443,0.2226,E
1940,24,721.04,609.8,57.71,2960,32.0946,0.1422,E
1941,24,686.91,579.81,68.99,1001,57.5425,0.3466,E
1942,24,658.87,579.81,82.22,581,19.9656,0.138,E
1943,22,669.08,599.8,82.22,154,70.7792,0.139,E
1944,23,666.99,599.8,83.36,259,59.4595,0.1395,E
1945,22,682.39,649.78,82.22,158,51.8987,0.2094,E
1946,22,691.23,649.78,81.11,274,72.9927,0.1411,E
1947,26,686.44,649.78,81.11,278,48.5612,0.2428,E
1948,24,683.11,649.78,83.36,198,25.7576,0.3137,E
1949,25,684.77,659.78,83.36,87,49.4253,0.1391,E
1950,25,681.2,659.78,82.22,124,31.4516,0.2447,E
1951,26,697.82,659.78,73.2,364,60.1648,0.2796,E
1952,24,693.58,649.78,73.2,361,58.7258,0.2746,E
1953,26,665.23,359.88,81.11,172,63.9535,0.1367,E
1954,26,681.63,599.8,48.02,6590,71.3657,0.2388,E
1955,26,690.99,599.8,48.02,7207,68.8775,0.2118,E
1956,24,694.53,629.79,78.97,289,40.8304,0.3428,E
1957,25,695.13,659.78,81.11,197,27.4112,0.1754,E
1958,25,683.49,609.8,81.11,325,43.3846,0.1701,E
1959,20,600.63,499.83,82.22,514,43.1907,0.1387,E
1960,18,565.97,499.83,95.27,104,52.8846,0.1699,E
1961,22,597.93,549.82,93.78,204,19.6078,0.1394,E
1962,19,621.07,579.81,89.58,358,17.3184,0.13699999999999998,E
1963,16,638.01,589.8,84.54,472,19.4915,0.2438,E
1964,16,639.34,589.8,84.54,374,36.8984,0.139,E
1965,17,636.45,609.8,90.94,145,33.7931,0.3492,E
1966,16,638.42,599.8,85.74,438,20.7763,0.17800000000000002,E
1967,15,645.69,599.8,83.36,707,7.2136,0.17600000000000002,E
1968,15,642.74,599.8,83.36,307,14.3322,0.3536,E
1969,21,620.23,579.81,88.26,235,35.7447,0.1402,E
1970,19,614.05,579.81,86.99,273,25.2747,0.2079,E
1971,15,614.26,579.81,86.99,577,12.305,0.1732,E
1972,14,603.55,569.81,90.94,307,12.0521,0.2071,E
1973,14,602.57,569.81,88.26,307,26.3844,0.2119,E
1974,13,610.65,579.81,88.26,340,28.8235,0.1394,E
1975,12,604.05,569.81,90.94,256,21.4844,0.1409,E
1976,11,593.14,569.81,93.78,135,32.5926,0.1405,E
1977,10,603.76,569.81,92.34,165,12.7273,0.1725,E
1978,11,597.15,559.81,92.34,260,16.5385,0.2051,E
1979,10,598.34,559.81,92.34,365,13.4247,0.1393,E
1980,9,608.95,569.81,85.74,646,17.6471,0.2096,E
1981,10,625.01,569.81,51.3,5372,74.1065,0.1391,E
1982,11,618.49,569.81,51.3,5521,74.8596,0.1406,E
1983,10,600.01,569.81,95.27,295,18.3051,0.1736,E
1984,10,596.74,569.81,95.27,186,24.1935,0.171,E
1985,11,593.76,559.81,89.58,419,16.4678,0.1754,E
1986,11,605.54,559.81,82.22,627,42.2648,0.1405,E
1987,11,614.36,559.81,82.22,421,29.4537,0.1769,E
1988,13,614.48,579.81,90.94,148,60.8108,0.1385,E
1989,11,611.32,589.8,93.78,100,37.0,0.1422,E
1990,11,611.71,579.81,89.58,269,12.6394,0.2087,E
1991,10,601.93,559.81,90.94,158,44.3038,0.1414,E
1992,12,593.76,539.82,89.58,450,30.6667,0.1754,E
1993,11,598.76,539.82,89.58,601,26.9551,0.1392,E
1994,11,600.42,549.82,92.34,326,14.1104,0.34700000000000003,E
1995,10,602.3,569.81,92.34,188,35.6383,0.1384,E
1996,11,596.68,539.82,93.78,221,14.4796,0.3492,E
1997,11,597.3,539.82,93.78,281,29.8932,0.1744,E
1998,11,600.65,559.81,90.94,542,27.6753,0.1417,E
1999,11,613.27,559.81,84.54,703,33.8549,0.1418,E
2000,11,619.79,569.81,84.54,689,30.479,0.1373,E
2001,10,622.18,579.81,85.74,507,19.1321,0.1398,E
2002,12,598.34,309.9,85.74,1092,71.0623,0.1393,E
2003,13,595.84,309.9,68.99,2652,62.2549,0.1748,E
2004,10,623.05,529.82,68.99,1236,67.8803,0.1396,E
2005,10,616.18,569.81,90.94,339,29.2035,0.1727,E
2006,10,628.7,559.81,50.44,5381,62.7764,0.2766,E
2007,12,599.54,309.9,50.44,9515,52.0652,0.1756,E
2008,12,531.73,309.9,70.61,5903,47.4335,0.1343,E
2009,16,536.61,319.89,57.71,11716,69.4606,0.1758,E
2010,17,563.41,329.89,54.56,18738,66.4532,0.284,E
2011,18,571.01,309.9,55.06,18131,20.6773,0.1751,E
2012,19,598.74,309.9,45.47,39667,62.8079,0.2488,E
2013,18,560.41,309.9,45.47,34510,86.5894,0.2498,E
2014,15,551.16,309.9,40.01,48397,62.8882,0.1745,E
2015,14,597.72,309.9,40.01,55757,51.8034,0.3486,E
2016,17,571.65,309.9,51.3,35867,54.8833,0.3213,E
2017,20,539.44,309.9,53.59,19998,66.4916,0.3498,E
2018,18,545.78,319.89,53.59,11512,89.9844,0.1409,E
2019,19,515.01,309.9,66.69,8381,91.7432,0.1798,E
2020,19,516.86,309.9,41.39,39766,62.4,0.2866,E
2021,19,527.08,319.89,41.39,59913,79.547,0.2604,E
2022,20,547.07,309.9,46.53,30437,84.2889,0.2867,E
2023,18,522.23,309.9,54.56,12421,80.0258,0.2128,E
2024,16,543.97,309.9,43.81,24352,71.5218,0.2081,E
2025,19,595.01,309.9,38.23,41172,61.8576,0.2101,E
2026,18,661.54,309.9,38.23,66261,36.2687,0.2223,E
2027,18,581.68,359.88,47.63,43015,33.579,0.1612,E
2028,15,511.5,309.9,61.24,4418,77.9312,0.3259,E
2029,14,512.81,479.84,61.24,2834,73.6062,0.1368,E
2030,12,516.26,479.84,62.52,2357,25.1167,0.1384,E
2031,13,513.04,459.85,62.52,2484,24.7585,0.1392,E
2032,14,514.47,459.85,60.02,3366,32.3827,0.1388,E
2033,11,516.43,469.84,60.02,3357,32.6184,0.1383,E
2034,12,498.82,459.85,113.25,12,66.6667,0.3398,E
2035,10,502.94,459.85,113.25,54,35.1852,0.3428,E
2036,12,517.65,489.84,107.18,69,13.0435,0.1756,E
2037,12,532.42,499.83,57.16,3953,70.1493,0.1391,E
2038,11,524.37,499.83,109.13,49,24.4898,0.3467,E
2039,11,524.55,509.83,109.13,15,53.3333,0.1733,E
2040,11,521.83,499.83,111.15,14,35.7143,0.2439,E
2041,13,519.11,499.83,113.25,15,26.6667,0.344,E
2042,12,513.16,479.84,113.25,10,40.0,0.2051,E
2043,10,508.78,479.84,113.25,9,55.5556,0.3448,E
2044,12,517.68,499.83,58.84,3547,68.6496,0.138,E
2045,13,515.01,499.83,58.84,3570,68.7675,0.1387,E
2046,12,504.04,349.88,90.94,76,93.4211,0.3133,E
2047,14,507.9,349.88,90.94,74,95.9459,0.3109,E
2786,8,794.18,619.79,63.85,2049,42.655,0.2448,E
2787,10,788.35,669.78,62.52,3008,23.8364,0.1409,E
2788,10,865.17,679.77,58.84,2442,25.1433,0.3152,E
2789,11,837.66,349.88,56.62,7766,86.5182,0.2458,E
2790,11,757.86,349.88,56.62,6091,83.8122,0.1783,E
2791,9,757.04,469.84,63.18,2147,44.0615,0.35700000000000004,E
2792,10,741.81,389.87,60.63,4899,83.3844,0.11900000000000001,E
2793,10,747.99,389.87,60.63,4581,82.73299999999999,0.3146,E
2794,10,803.16,659.78,65.24,2537,48.6795,0.1423,E
2795,9,794.31,659.78,61.24,3180,43.1132,0.2518,E
2796,7,858.5,659.78,50.86,3835,60.4954,0.1412,E
2797,9,896.03,749.75,50.86,3035,57.7924,0.1488,E
2798,10,877.37,749.75,57.71,2246,58.504,0.19,E
2799,9,910.34,819.73,60.63,1180,83.4746,0.2835,E
2800,7,916.69,809.73,56.62,2667,72.7034,0.1455,E
2801,8,975.19,809.73,51.74,4821,57.457,0.2475,E
2802,8,993.81,879.71,51.74,3701,62.0103,0.2429,E
2803,7,967.26,879.71,52.65,2190,76.62100000000001,0.1426,E
2804,8,930.36,839.72,56.62,1694,68.0047,0.3225,E
2805,8,900.02,809.73,60.02,1175,38.6383,0.2151,E
2806,9,902.92,809.73,60.02,935,61.3904,0.2858,E
2807,8,904.86,839.72,59.43,1266,63.1912,0.2852,E
2808,7,907.44,769.74,56.09,2310,58.2684,0.2133,E
2809,8,896.48,769.74,60.63,1746,56.8729,0.2879,E
2810,8,896.58,809.73,57.71,1594,49.5609,0.2091,E
2811,9,791.4,379.87,57.71,3406,51.1157,0.2106,E
2812,9,808.3,379.87,55.57,4762,56.9089,0.1414,E
2813,7,976.92,699.77,55.57,4269,61.278999999999996,0.2118,E
2814,7,994.31,879.71,55.06,3258,92.4494,0.2514,E
2815,5,1005.38,909.7,54.07,3233,95.5769,0.2487,E
2816,8,1031.14,909.7,50.02,3030,91.0891,0.2155,E
2817,7,1048.11,909.7,50.02,2582,71.495,0.1468,E
2818,6,1025.58,909.7,54.56,1475,76.4068,0.2528,E
2819,6,1017.52,889.7,53.12,1712,73.8902,0.2457,E
2820,7,1032.25,889.7,53.12,2673,71.4179,0.2512,E
2821,6,1051.19,919.69,50.86,3316,79.9457,0.2561,E
2822,7,1075.41,949.68,50.86,2173,89.0934,0.2504,E
2823,5,1051.13,909.7,51.3,2789,59.7705,0.2467,E
2824,6,1048.54,939.69,51.3,2439,65.2727,0.2473,E
2825,5,1036.58,919.69,53.59,2434,76.3353,0.2597,E
2826,6,1016.09,549.82,50.86,9529,71.3086,0.1757,E
2827,5,1038.17,549.82,47.26,11909,79.738,0.1784,E
2828,5,1121.29,999.67,44.13,4055,76.7941,0.1858,E
2829,6,1074.64,909.7,44.13,5033,72.3425,0.2505,E
2830,6,1037.8,899.7,50.02,5883,92.0959,0.2141,E
2831,6,1055.2,899.7,50.44,3944,94.3966,0.2106,E
2832,6,1059.65,889.7,48.8,3398,92.3779,0.2178,E
2833,7,1052.73,889.7,48.8,4024,94.7068,0.1827,E
2834,8,1068.49,899.7,48.02,4458,67.0704,0.21600000000000003,E
2835,7,1031.88,869.71,48.8,6854,59.5856,0.1795,E
2836,6,1018.23,379.87,48.8,17481,70.7568,0.1403,E
2837,7,1018.92,379.87,50.02,32098,85.725,0.3272,E
2838,6,1062.34,879.71,47.26,6796,78.5021,0.2172,E
2839,4,1056.57,899.7,47.26,2919,60.5002,0.2184,E
2840,7,1070.03,899.7,46.53,3999,63.7909,0.2157,E
2841,6,1113.23,959.68,46.53,5720,50.0175,0.2156,E
2842,7,1106.03,929.69,48.02,4947,54.5179,0.1808,E
2843,9,982.43,329.89,46.17,24391,54.1019,0.2106,E
2844,8,940.35,329.89,46.17,27783,53.1332,0.319,E
2845,6,987.88,569.81,48.8,20861,80.1639,0.1446,E
2846,5,1026.32,819.73,49.6,3796,54.7682,0.2526,E
2847,6,1088.04,959.68,49.6,2459,63.5218,0.2574,E
2848,7,1086.04,939.69,50.02,2743,83.9956,0.2578,E
2849,7,1057.8,929.69,50.02,1673,97.8482,0.2101,E
2850,7,1015.59,899.7,52.19,1965,91.2468,0.2188,E
2851,7,1022.25,899.7,50.44,4047,69.1376,0.2536,E
2852,8,1066.95,869.71,48.02,6731,59.7237,0.2163,E
2853,6,1084.25,869.71,48.02,3670,53.8965,0.1419,E
2854,8,1070.41,949.68,51.3,2000,73.45,0.2156,E
2855,7,1049.65,949.68,52.65,1767,87.8325,0.2565,E
2856,7,1084.25,949.68,49.2,2734,73.0066,0.2128,E
2857,7,1107.23,949.68,49.2,2277,73.913,0.2168,E
2858,5,1094.04,939.69,49.2,3176,69.3325,0.1463,E
2859,7,1064.65,919.69,49.2,6098,73.2207,0.2529,E
2860,6,1056.96,919.69,50.02,3648,86.2939,0.2183,E
2861,7,1063.49,869.71,48.4,5063,54.0984,0.217,E
2862,7,1078.1,869.71,48.4,6151,75.9714,0.2141,E
2863,6,1102.71,949.68,50.44,3432,97.3485,0.1744,E
2864,7,1075.03,919.69,50.44,2624,77.1341,0.1789,E
2865,8,1083.64,909.7,46.89,6066,56.4622,0.2215,E
2866,8,1102.03,889.7,46.89,5855,79.2827,0.2178,E
2867,6,1068.49,889.7,50.44,4261,82.8444,0.21600000000000003,E
2868,7,1072.72,889.7,49.2,3854,78.5158,0.2151,E
2869,7,1039.65,889.7,49.2,1870,39.893,0.2494,E
2870,8,1018.95,899.7,51.74,2450,65.551,0.2454,E
2871,6,1067.72,899.7,48.02,6481,74.3249,0.2161,E
2872,6,1138.37,919.69,47.26,4469,52.5397,0.2196,E
2873,8,1116.83,989.67,47.26,1599,76.6104,0.2149,E
2874,8,1061.95,919.69,51.74,3599,91.1364,0.2173,E
2875,8,1021.14,539.82,50.44,12659,64.4127,0.1814,E
2876,8,1048.91,539.82,50.44,10161,58.3309,0.2119,E
2877,7,1106.43,939.69,46.53,5264,70.8777,0.2169,E
2878,6,1118.03,939.69,46.53,4366,73.202,0.2504,E
2879,7,1073.49,909.7,50.44,3132,50.1916,0.2508,E
2880,7,1079.26,909.7,50.44,3667,58.4674,0.2138,E
2881,7,1059.26,939.69,50.44,2080,78.7981,0.2179,E
2882,8,1028.55,889.7,53.12,2314,62.2299,0.2521,E
2883,8,1013.95,889.7,51.3,1760,80.5682,0.2113,E
2884,8,1014.11,889.7,52.19,2125,63.5765,0.1461,E
2885,7,1005.38,889.7,51.3,3897,80.4465,0.1421,E
2886,6,983.47,889.7,54.56,1864,92.7575,0.1753,E
2887,6,973.12,869.71,54.56,2263,76.0937,0.2126,E
2888,7,949.68,809.73,53.59,5291,47.3823,0.1816,E
2889,5,999.31,809.73,53.59,2918,38.5538,0.2502,E
2890,5,1025.21,919.69,53.12,2047,69.7606,0.2168,E
2891,7,1030.4,899.7,50.02,3818,78.2609,0.2157,E
2892,7,1021.14,889.7,52.65,3545,58.9845,0.2539,E
2893,8,1031.51,889.7,50.02,3605,81.3592,0.2154,E
2894,9,1001.81,869.71,51.3,4997,50.6904,0.2139,E
2895,8,1004.67,809.73,50.02,8454,69.2335,0.2488,E
2896,7,1058.54,809.73,50.02,5299,58.7847,0.2449,E
2897,8,1027.06,889.7,50.86,2007,76.0837,0.2164,E
2898,8,1029.29,889.7,50.86,2641,67.58800000000001,0.2159,E
2899,6,1086.95,959.68,50.44,2679,63.3072,0.2123,E
2900,6,1088.48,959.68,50.44,2921,46.3882,0.1413,E
2901,7,1095.63,969.68,48.8,3435,51.5866,0.2191,E
2902,7,1089.24,859.71,48.8,2639,80.2577,0.2203,E
2903,8,1049.28,859.71,51.3,2545,71.5914,0.2118,E
2904,7,1065.41,939.69,47.63,3046,50.0657,0.2527,E
2905,6,1070.41,869.71,47.63,4847,56.4267,0.1437,E
2906,5,1042.25,759.75,50.44,6311,50.2773,0.1421,E
2907,6,938.65,759.75,50.44,9539,8.2713,0.147,E
2908,8,877.52,789.74,56.09,2110,46.3981,0.2493,E
2909,10,835.72,629.79,56.09,3321,54.8329,0.1368,E
2910,9,770.28,609.8,63.18,5584,18.3918,0.1404,E
2911,9,753.17,589.8,63.18,4066,18.2489,0.1398,E
2912,8,762.38,589.8,68.2,3134,26.2604,0.2761,E
2913,9,806.02,719.76,61.24,1910,55.445,0.2481,E
2914,9,763.8,619.79,61.24,5055,23.363000000000003,0.2123,E
2915,10,706.35,619.79,63.85,3980,16.7337,0.1381,E
2916,11,656.29,359.88,53.12,6633,86.9591,0.1417,E
2917,12,649.33,359.88,45.82,17839,72.0164,0.175,E
2918,11,664.66,549.82,45.82,13646,55.2176,0.2099,E
2919,10,677.39,549.82,71.45,2758,5.9463,0.2109,E
2920,8,668.85,609.8,75.97,752,15.2926,0.1739,E
2921,8,679.3,609.8,77.95,645,16.5891,0.1402,E
2922,8,663.73,579.81,77.95,594,39.0572,0.2453,E
2923,10,622.01,559.81,88.26,204,25.9804,0.3215,E
2924,10,640.92,559.81,85.74,410,12.439,0.3191,E
2925,10,631.79,569.81,86.99,250,47.6,0.1407,E
2926,10,596.13,549.82,90.94,412,23.7864,0.1712,E
2927,10,590.82,549.82,93.78,363,32.2314,0.1382,E
2928,10,609.16,549.82,83.36,1201,12.0733,0.2445,E
4036,7,1260.49,949.68,39.49,9415,55.5815,0.2524,E
4037,7,1300.52,1069.64,39.49,4615,81.0834,0.2563,E
4038,7,1231.41,1069.64,44.79,3618,92.2056,0.2215,E
4039,6,1230.5,979.67,44.13,5314,93.6206,0.2216,E
4040,7,1213.51,979.67,42.87,7597,81.4269,0.2508,E
4041,6,1180.02,1029.66,46.17,2610,86.4368,0.2472,E
4042,6,1225.95,1059.65,43.81,3862,75.9451,0.2225,E
4043,6,1297.19,1129.62,42.57,3654,92.7203,0.2203,E
4044,6,1304.8,1129.62,42.57,4919,73.1653,0.2555,E
4045,6,1243.22,1019.66,41.39,6141,62.0257,0.2559,E
4046,8,1227.85,1019.66,41.39,4925,76.467,0.2479,E
4047,8,1191.78,999.67,44.13,3417,86.8013,0.2554,E
4048,6,1190.04,999.67,44.79,4170,60.3357,0.2558,E
4049,5,1199.6,1009.66,44.79,3149,91.9975,0.2175,E
4050,6,1164.2,949.68,44.13,7326,67.4174,0.2505,E
4051,8,1218.29,1009.66,41.68,6247,53.1615,0.2498,E
4052,7,1162.22,1009.66,41.68,7621,53.3788,0.2619,E
4053,7,1143.79,979.67,44.46,6060,68.1683,0.255,E
4054,7,1196.99,959.68,41.68,9544,60.6454,0.2543,E
4055,6,1220.46,959.68,41.68,6262,59.917,0.2494,E
4056,7,1224.37,1079.64,46.17,2368,77.7872,0.2486,E
4057,8,1226.41,1039.65,42.57,5951,69.0304,0.2595,E
4058,8,1200.03,1019.66,44.46,5987,81.5099,0.2174,E
4059,7,1210.05,1019.66,44.79,3086,95.5282,0.2254,E
4060,7,1288.62,1149.62,42.27,3893,87.5161,0.2217,E
4061,7,1248.71,1049.65,42.27,5039,79.3411,0.2089,E
4062,7,1183.95,1039.65,43.81,4610,83.9913,0.2571,E
4063,8,1158.74,899.7,39.75,12537,64.6088,0.1501,E
4064,6,1188.35,899.7,39.75,11611,34.5276,0.1753,E
4065,6,1177.11,1059.65,44.79,2019,77.1174,0.2478,E
4066,9,1142.54,1009.66,49.2,2560,85.1172,0.2553,E
4067,8,1143.79,1009.66,48.8,3353,91.6194,0.255,E
4068,6,1162.53,1009.66,48.4,3749,85.7562,0.2509,E
4069,6,1161.28,1009.66,48.02,3171,87.0073,0.2512,E
4070,7,1170.91,1059.65,47.26,3331,90.1831,0.2228,E
4071,9,1175.69,1059.65,47.63,2817,95.6337,0.2219,E
4072,7,1196.99,1059.65,44.79,3387,66.2533,0.2179,E
4073,6,1226.11,1079.64,44.46,3328,67.2776,0.2128,E
4074,6,1256.85,1099.63,40.55,5645,71.9575,0.2532,E
4075,6,1281.48,1049.65,40.55,7262,58.8543,0.2601,E
4076,7,1211.34,1049.65,40.83,5908,71.1916,0.2513,E
4077,8,1193.52,1049.65,45.82,6656,85.8774,0.2186,E
4078,6,1241.4,1049.65,44.13,3866,86.6529,0.2197,E
4079,5,1255.04,1129.62,44.13,3481,68.4573,0.2535,E
4080,6,1194.38,1049.65,44.13,3219,72.8487,0.2548,E
4081,7,1199.6,1089.64,43.49,2346,57.7153,0.3262,E
4082,7,1220.46,1079.64,43.49,3404,87.1622,0.3206,E
4083,6,1197.43,979.67,42.87,5871,30.3696,0.2905,E
4084,8,1116.43,929.69,42.87,8206,50.2437,0.1433,E
4085,7,1099.23,849.72,42.87,11574,55.1236,0.2911,E
4086,8,1166.69,919.69,42.87,4448,92.7383,0.3214,E
4087,7,1188.73,1019.66,44.46,3223,62.9538,0.2926,E
4088,7,1207.78,1069.64,43.49,3493,79.1011,0.3387,E
4089,7,1157.95,969.68,43.81,6118,30.3857,0.3239,E
4090,6,1096.43,939.69,45.13,5051,48.723,0.3283,E
4091,7,1083.48,939.69,45.47,5979,78.4747,0.3195,E
4092,9,1074.64,939.69,50.02,3507,90.6758,0.2863,E
4093,8,1073.24,969.68,49.2,3008,72.0745,0.2609,E
4094,7,1139.2,989.67,43.81,7236,88.6954,0.256,E
4095,8,1162.11,1039.65,43.81,4699,83.9966,0.2868,E
4096,8,1125.62,1009.66,48.02,3206,90.8609,0.2843,E
4097,9,1086.95,979.67,48.4,2974,98.2179,0.2831,E
4098,8,1085.24,969.68,49.2,3367,94.9213,0.258,E
4099,7,1145.87,959.68,40.01,13868,62.1431,0.2182,E
4100,7,1165.44,959.68,40.01,11802,70.1068,0.2145,E
4101,6,1122.03,999.67,47.26,5989,89.8648,0.2496,E
4102,8,1073.49,859.71,47.63,7114,80.0956,0.2508,E
4103,7,1104.43,839.72,41.11,10154,37.1479,0.2535,E
4104,6,1136.42,989.67,41.11,2853,51.6649,0.2464,E
4105,8,1097.63,989.67,48.8,2092,81.74,0.2551,E
4106,8,1130.04,909.7,43.18,11327,55.1602,0.2581,E
4107,8,1153.78,879.71,43.18,10304,53.7655,0.2528,E
4108,7,1122.03,869.71,43.49,10770,69.7679,0.2139,E
4109,6,1117.63,869.71,43.49,13426,56.1001,0.2505,E
4110,7,1170.44,869.71,44.46,5063,87.1025,0.17800000000000002,E
4111,8,1208.29,989.67,44.46,6032,76.5584,0.2159,E
4112,7,1243.22,1079.64,43.81,5283,80.2574,0.2194,E
4113,7,1244.13,1069.64,41.11,5856,80.7206,0.2192,E
4114,8,1223.94,999.67,41.11,5497,57.7588,0.2487,E
4115,7,1178.36,959.68,43.49,7896,72.4037,0.2475,E
4116,6,1181.78,959.68,42.27,10666,37.2117,0.2575,E
4117,8,1009.66,359.88,42.27,14712,23.4706,0.1415,E
4118,11,786.13,359.88,46.53,7324,60.8411,0.318,E
4119,9,894.54,489.84,45.13,8293,61.1238,0.2885,E
4120,7,1240.5,909.7,43.49,4166,60.2496,0.2199,E
4121,8,1283.86,1169.61,42.87,3278,72.7578,0.1855,E
4122,8,1218.29,989.67,42.87,5124,85.5582,0.2855,E
4123,8,1147.62,989.67,46.17,4054,77.479,0.2788,E
4124,7,1128.42,939.69,46.89,5510,59.5281,0.2836,E
4125,8,1170.91,939.69,45.47,7369,59.6825,0.2599,E
4126,8,1206.87,1039.65,45.47,3706,90.8527,0.2637,E
4127,9,1211.34,1029.66,45.82,3720,88.9247,0.2513,E
4128,8,1175.44,989.67,45.47,5038,61.2148,0.2836,E
4129,8,1158.78,1009.66,45.47,2745,85.5738,0.2517,E
4664,9,1032.62,949.68,52.19,364,71.97800000000001,0.3587,E
4665,10,1063.49,959.68,52.19,646,36.5325,0.3617,E
4666,9,1062.34,949.68,53.12,798,78.8221,0.3259,E
4667,9,1065.41,949.68,52.65,716,86.5922,0.3249,E
4668,9,1048.88,899.7,51.74,1248,62.0192,0.33,E
4669,9,1063.35,979.67,51.74,866,82.679,0.3483,E
4670,8,1074.04,989.67,52.65,453,93.5982,0.3352,E
4671,10,1053.11,849.72,51.74,1874,57.7908,0.1826,E
4672,10,1057.34,849.72,52.65,2540,30.315,0.1455,E
4673,9,1088.44,969.68,51.74,921,42.5624,0.2573,E
4674,9,1094.04,969.68,51.74,574,33.7979,0.3291,E
4675,10,1101.94,1039.65,51.74,208,37.0192,0.349,E
4676,9,1083.48,899.7,51.3,1038,22.3507,0.355,E
4677,8,993.24,829.72,51.3,3345,73.8416,0.1798,E
4678,9,972.09,619.79,53.59,7490,53.7383,0.2483,E
4679,8,1032.62,959.68,54.07,1601,83.6352,0.2511,E
4680,8,1009.66,799.73,55.06,2229,73.755,0.1769,E
4681,9,963.47,779.74,55.06,4819,57.3563,0.3221,E
4682,9,961.75,819.73,56.62,3292,83.5055,0.2868,E
4683,9,946.35,819.73,57.16,2635,93.8899,0.317,E
4684,11,770.82,589.8,60.02,3209,57.4634,0.3156,E
4685,16,634.01,549.82,58.27,1402,37.0185,0.1402,E
4686,13,753.53,549.82,54.56,6315,43.0404,0.1435,E
4687,9,899.7,739.75,54.56,3971,88.3657,0.3227,E
4688,10,813.73,679.77,55.06,6363,60.286,0.3511,E
4689,9,814.59,649.78,55.06,7715,37.6539,0.2105,E
4690,10,830.58,659.78,57.16,3614,70.3376,0.2064,E
4691,9,764.88,579.81,59.43,4081,36.6332,0.1767,E
4692,10,796.88,579.81,59.43,5474,34.472,0.3586,E
4693,9,858.2,749.75,57.16,3055,84.2553,0.3531,E
4694,8,914.86,749.75,52.19,5182,53.9753,0.141,E
4695,9,924.85,739.75,52.19,2919,45.6321,0.1744,E
4696,9,827.37,729.76,59.43,2912,64.5604,0.1777,E
4697,9,853.35,709.76,59.43,3470,49.5389,0.1776,E
4698,8,869.1,759.75,59.43,1573,77.4317,0.3487,E
4699,9,860.32,759.75,59.43,2310,83.6364,0.1761,E
4700,8,885.02,709.76,57.16,3242,45.5275,0.1412,E
4701,6,872.52,709.76,57.16,1666,37.8151,0.1791,E
4702,7,848.81,749.75,60.63,1401,61.5275,0.1428,E
4703,9,865.17,769.74,60.02,1865,54.37,0.3503,E
4704,9,867.84,749.75,56.62,3817,27.0107,0.1801,E
4705,8,859.11,799.73,56.62,1800,30.1111,0.2116,E
4706,10,850.3,799.73,63.85,286,49.3007,0.17300000000000001,E
4707,9,806.3,339.89,63.85,4130,40.8717,0.2835,E
4708,7,790.88,339.89,63.85,4868,42.6869,0.3251,E
4709,8,836.49,719.76,63.18,1696,21.2264,0.2461,E
4710,8,870.01,719.76,61.24,2997,11.9119,0.3483,E
4711,9,853.05,719.76,61.24,1389,60.6911,0.1421,E
4712,8,860.93,719.76,60.02,2084,70.8733,0.2464,E
4713,8,893.9,839.72,61.88,858,71.3287,0.2887,E
4714,7,912.28,829.72,58.84,1363,51.7241,0.2475,E
4715,9,884.39,749.75,60.02,3465,60.8658,0.2473,E
4716,8,883.14,749.75,60.63,3120,73.3654,0.2477,E
4717,9,887.52,819.73,61.88,665,64.812,0.3521,E
4718,11,912.28,819.73,57.71,1163,53.6543,0.2475,E
4719,9,955.54,879.71,57.71,978,51.8405,0.2165,E
4720,9,898.09,759.75,57.71,2366,34.1927,0.2155,E
4721,9,853.05,749.75,64.54,1702,24.9119,0.3552,E
4722,8,892.83,789.74,60.02,999,51.952,0.35,E
4723,10,932.91,859.71,58.84,1485,57.2391,0.3112,E
4724,9,934.17,809.73,58.84,851,69.2127,0.3322,E
4725,9,938.65,809.73,56.62,2066,37.4637,0.2204,E
4726,8,920.03,769.74,58.84,2592,19.3287,0.3261,E
4727,7,933.24,769.74,57.16,3936,25.8892,0.3111,E
4728,7,913.57,769.74,57.16,2969,51.0273,0.1766,E
4729,8,767.04,599.8,60.63,3295,38.786,0.1762,E
4730,8,766.5,599.8,60.02,2239,23.7159,0.2821,E
4731,8,933.02,779.74,56.09,1992,84.99,0.3215,E
4732,8,1021.14,879.71,52.19,2258,74.0921,0.2902,E
4733,9,1010.02,859.71,52.19,2762,59.4135,0.2829,E
4734,8,945.35,809.73,54.07,3045,54.6798,0.141,E
4735,7,964.16,809.73,54.07,2251,59.7956,0.2146,E
4736,8,970.02,799.73,54.07,1959,30.0153,0.1422,E
4737,7,956.23,799.73,57.16,1339,47.1247,0.3246,E
4738,8,992.53,879.71,56.62,807,70.1363,0.3239,E
4739,8,1002.52,899.7,56.62,806,70.8437,0.3563,E
4740,8,1006.09,899.7,53.59,1534,52.1512,0.213,E
4741,9,1010.02,929.69,53.59,1099,61.1465,0.3182,E
4742,9,998.6,909.7,56.62,952,87.7101,0.2861,E
4743,9,992.17,909.7,57.16,1354,93.5746,0.28800000000000003,E
4744,8,920.98,409.86,55.57,7938,49.2063,0.2802,E
4745,10,710.01,409.86,57.16,5259,38.6575,0.1761,E
4746,12,659.3,569.81,64.54,3048,22.5394,0.1806,E
4747,7,816.58,609.8,59.43,2676,42.8625,0.2799,E
4748,9,847.95,669.78,61.24,2965,55.4806,0.1734,E
4749,10,694.65,579.81,65.96,1997,19.3791,0.1756,E
4750,8,792.51,579.81,51.74,6062,23.4741,0.1753,E
4751,7,982.53,789.74,51.74,1332,53.3033,0.1454,E
4752,9,875.19,649.78,55.06,3530,44.1926,0.2949,E
4753,8,965.75,649.78,53.59,3460,43.5838,0.3328,E
4754,8,1013.23,829.72,54.56,3136,81.1862,0.282,E
4755,6,1024.27,829.72,53.12,4047,96.1206,0.2629,E
4756,8,1083.87,949.68,51.74,1626,76.8758,0.2839,E
4757,6,1070.04,949.68,52.19,1119,83.9142,0.2617,E
4758,6,1102.83,979.67,48.4,2205,61.4966,0.1451,E
4759,7,1090.79,959.68,48.4,2284,47.5482,0.141,E
4760,7,1007.16,769.74,52.65,3122,54.9648,0.2837,E
4761,9,796.68,569.81,54.56,5945,45.5004,0.1743,E
4762,10,652.11,339.89,66.69,694,57.9251,0.3566,E
4763,9,726.68,339.89,61.24,3681,61.0432,0.2117,E
4764,11,765.42,339.89,61.24,5705,37.4408,0.3178,E
4765,10,662.34,339.89,64.54,2604,71.7358,0.1404,E
4766,9,721.3,369.88,58.27,5999,45.2742,0.3199,E
4767,8,777.85,669.78,58.27,1901,33.8769,0.3475,E
4768,9,701.96,639.79,75.97,528,64.7727,0.1737,E
4769,8,684.41,609.8,63.85,3623,40.6293,0.1782,E
4770,7,703.27,609.8,63.85,3763,35.7428,0.1777,E
4771,9,798.02,659.78,53.59,4644,23.2343,0.2506,E
4772,8,1015.59,679.77,53.59,5613,31.3201,0.1459,E
4773,8,1075.41,999.67,54.07,281,27.4021,0.3577,E
4774,9,1074.26,999.67,53.12,383,37.859,0.1432,E
4775,8,1100.43,1019.66,51.74,279,72.7599,0.2181,E
4776,9,1112.83,1039.65,51.74,605,36.8595,0.2516,E
4777,7,1086.95,879.71,52.19,1599,36.7104,0.1415,E
4778,6,1098.43,879.71,51.74,1238,43.6995,0.1821,E
4779,7,1122.83,1079.64,51.74,166,63.253,0.1781,E
4780,6,1117.23,1029.66,50.86,735,88.5714,0.2864,E
4781,6,1131.71,1029.66,50.86,759,86.693,0.2209,E
4782,7,1139.62,1089.64,50.86,205,20.0,0.3291,E
4783,7,1095.79,979.67,50.86,724,82.1823,0.35100000000000003,E
4784,7,1030.4,869.71,54.07,1255,76.4143,0.1797,E
4785,7,988.6,799.73,55.06,1637,40.8064,0.1445,E
4786,7,1010.38,909.7,55.57,263,64.6388,0.1414,E
4787,6,1005.74,949.68,56.09,142,62.6761,0.1776,E
4788,6,1003.24,909.7,55.57,385,29.6104,0.2492,E
4789,8,1026.69,909.7,55.06,786,47.8372,0.1443,E
4790,5,1031.96,839.72,54.07,1628,82.3096,0.2236,E
4791,6,1056.96,839.72,51.74,1347,57.8322,0.2183,E
4792,6,1100.83,1039.65,51.3,800,74.5,0.327,E
4793,8,1046.69,799.73,51.3,1707,23.9016,0.3539,E
4794,7,1053.49,799.73,51.3,1654,10.2781,0.2191,E
4795,8,1129.62,1039.65,50.02,596,50.8389,0.332,E
4796,8,1142.95,1039.65,48.02,1108,58.574,0.1823,E
4797,8,1141.22,1019.66,48.02,1675,53.6119,0.1753,E
4798,8,1107.23,999.67,48.02,2461,55.9122,0.2168,E
4799,7,1084.44,919.69,51.74,1551,87.7498,0.2213,E
4800,7,1130.02,919.69,49.6,644,42.0807,0.2124,E
4801,8,1167.53,1099.63,49.6,370,60.8108,0.3569,E
4802,8,1142.95,989.67,50.44,1459,61.1378,0.1458,E
4803,6,1167.87,989.67,48.02,1464,64.6175,0.1862,E
4804,7,1201.77,1129.62,48.02,566,68.0212,0.3256,E
4805,6,1180.44,949.68,48.02,935,52.5134,0.1412,E
4806,9,1165.44,949.68,48.02,1313,46.8393,0.14300000000000002,E
4807,6,1173.96,1139.62,49.2,244,76.6393,0.3333,E
4808,6,1134.62,1079.64,49.2,351,74.359,0.2571,E
4809,6,1049.27,949.68,53.12,476,65.3361,0.2199,E
4810,6,987.53,919.69,55.57,405,33.3333,0.1808,E
4811,8,1006.09,929.69,54.07,201,47.2637,0.1775,E
4812,6,1033.89,839.72,54.07,1246,15.4896,0.1488,E
4813,6,1089.64,839.72,49.2,2243,42.1311,0.2824,E
4814,9,1120.83,1009.66,49.2,1201,74.1882,0.2855,E
4815,7,1132.96,949.68,46.89,3421,52.586999999999996,0.2207,E
4816,7,1132.42,949.68,46.89,2920,49.1781,0.2119,E
4817,7,1109.63,1039.65,51.3,733,60.573,0.3244,E
4818,7,1082.84,889.7,50.44,2050,45.7073,0.1478,E
4819,6,997.52,869.71,53.12,2075,42.747,0.1432,E
4820,7,1016.7,869.71,53.59,1880,49.8404,0.1821,E
4821,6,1109.63,869.71,48.8,1979,44.669,0.1442,E
4822,7,1188.3,1119.63,46.89,702,38.3191,0.2195,E
4823,8,1151.28,999.67,46.89,1171,62.4253,0.1448,E
4824,9,1136.82,999.67,49.2,757,82.1664,0.2111,E
4825,8,1140.87,899.7,49.2,2014,46.9215,0.1826,E
4826,7,1161.28,1079.64,49.2,517,45.2611,0.287,E
4827,8,1130.42,1049.65,49.2,659,39.909,0.1769,E
4828,9,1051.96,909.7,52.65,1234,51.7828,0.2194,E
4829,8,1040.39,839.72,52.65,2107,74.3711,0.1424,E
4830,8,903.89,699.77,52.65,4075,17.2515,0.1784,E
4831,8,873.77,699.77,55.57,3180,36.5723,0.1431,E
4832,7,986.22,769.74,53.12,3320,33.1928,0.2098,E
4833,9,1053.88,879.71,52.19,1923,30.8372,0.146,E
4834,9,1072.44,1009.66,52.19,512,31.4453,0.3357,E
4835,9,1096.94,1009.66,50.02,658,84.1945,0.1403,E
4836,10,1119.63,759.75,41.39,9426,84.5321,0.2501,E
4837,7,1098.83,759.75,41.39,9285,79.2676,0.2548,E
4838,8,1085.79,939.69,52.19,711,69.4796,0.1417,E
4839,8,1083.87,1029.66,52.65,274,74.8175,0.1419,E
4840,7,1100.43,999.67,51.3,751,44.3409,0.1454,E
4841,7,1132.54,999.67,50.86,879,27.19,0.2208,E
4842,7,1112.03,949.68,50.44,1295,41.7761,0.1439,E
4843,6,1056.57,819.73,50.44,2471,82.9219,0.2548,E
4844,6,1079.24,879.71,52.19,2356,49.3209,0.2224,E
4845,7,1111.94,919.69,50.02,1466,28.2401,0.3459,E
4846,8,1037.8,909.7,50.02,1720,39.3605,0.1784,E
4847,7,940.38,789.74,56.09,1547,52.3594,0.22,E
4864,6,903.57,769.74,58.84,1030,64.2718,0.2142,E
4865,7,928.08,769.74,57.16,2219,37.7648,0.2086,E
4866,7,984.67,809.73,56.09,1472,80.5027,0.1814,E
4867,7,1015.22,959.68,56.09,371,81.6712,0.1824,E
4868,5,997.52,929.69,56.62,486,82.0988,0.179,E
4869,6,1000.38,929.69,55.57,700,43.1429,0.2142,E
4870,4,1003.95,939.69,55.57,517,47.7756,0.2134,E
4871,6,987.88,899.7,56.62,706,67.847,0.1808,E
4872,6,996.81,899.7,56.62,890,72.5843,0.215,E
4873,7,1016.45,939.69,55.06,702,84.3305,0.2108,E
4874,5,1023.59,959.68,55.06,697,84.6485,0.2094,E
4875,6,1015.38,969.68,56.09,484,91.5289,0.21100000000000002,E
4876,6,1004.48,969.68,57.71,389,91.2596,0.1844,E
4877,5,989.67,909.7,57.71,702,67.5214,0.2165,E
4878,6,985.39,909.7,56.62,661,78.0635,0.2175,E
4879,5,1008.95,949.68,57.16,501,95.8084,0.2124,E
4880,7,1010.77,929.69,56.62,570,77.5439,0.2199,E
4881,5,1001.52,929.69,56.62,515,76.699,0.1849,E
4882,5,988.24,919.69,57.16,745,80.4027,0.2168,E
4883,6,985.74,919.69,57.16,924,56.0606,0.2174,E
4884,6,1010.4,929.69,56.62,539,62.7087,0.2199,E
4885,8,988.96,799.73,56.62,1682,51.0107,0.1806,E
4886,8,931.36,799.73,56.62,2997,25.4588,0.179,E
4887,7,833.84,709.76,56.62,1634,30.2326,0.2116,E
4888,6,806.59,709.76,63.85,1052,31.2738,0.1417,E
4889,8,828.25,719.76,63.85,895,19.1061,0.142,E
4890,8,803.16,739.75,66.69,276,47.4638,0.3202,E
4891,8,740.52,609.8,70.61,1417,33.3098,0.1385,E
4892,7,725.66,609.8,68.2,1405,33.1673,0.2827,E
4893,8,858.5,629.79,58.27,3156,52.5665,0.2824,E
4894,8,964.16,889.7,58.27,783,70.7535,0.2146,E
4895,8,956.92,849.72,58.84,679,87.4816,0.2162,E
4896,8,907.12,849.72,60.63,473,71.6702,0.2134,E
4897,8,910.66,849.72,59.43,893,69.8768,0.2125,E
4898,8,938.69,869.71,59.43,570,88.5965,0.1776,E
4899,8,915.82,849.72,59.43,715,57.6224,0.2113,E
4900,6,942.35,849.72,56.09,1097,43.7557,0.2122,E
4901,7,975.54,879.71,56.09,1340,29.7015,0.1767,E
4902,7,964.51,879.71,58.84,793,50.4414,0.1788,E
4903,8,967.61,839.72,58.27,816,48.5294,0.1782,E
4904,8,944.69,829.72,58.84,785,62.8025,0.1764,E
4905,7,953.48,879.71,59.43,746,58.445,0.217,E
4906,8,943.35,879.71,59.43,730,64.1096,0.212,E
4907,8,948.35,879.71,57.16,657,45.2055,0.2109,E
4908,7,900.02,739.75,57.16,1018,29.5678,0.1792,E
4909,7,903.25,739.75,59.43,2425,19.0928,0.1786,E
4910,7,959.68,889.7,59.43,700,49.4286,0.2156,E
4911,7,892.2,729.76,60.63,1051,31.4938,0.1751,E
4912,6,915.82,729.76,56.09,1946,39.4656,0.1761,E
4913,7,998.24,329.89,56.09,16774,90.1157,0.322,E
4914,8,997.88,329.89,56.09,10249,83.6472,0.3579,E
4915,7,1004.31,949.68,56.09,717,38.6332,0.2134,E
4916,6,996.1,879.71,55.06,1052,28.1369,0.2151,E
4917,6,1006.45,879.71,55.06,921,38.9794,0.2129,E
4918,7,1010.77,949.68,56.62,540,67.4074,0.1832,E
4919,7,1025.95,939.69,55.57,481,74.0125,0.2166,E
4920,6,1025.58,919.69,54.07,1109,73.4896,0.1806,E
4921,6,1041.5,919.69,54.07,939,62.7263,0.2134,E
4922,7,1065.03,979.67,50.44,765,81.9608,0.1445,E
4923,7,1060.8,949.68,50.44,1343,86.2249,0.1813,E
4924,6,1029.29,949.68,54.56,1426,97.1248,0.1799,E
4925,8,1027.06,959.68,54.56,1158,92.7461,0.1803,E
4926,7,1045.04,979.67,53.59,691,73.3719,0.2208,E
4927,8,1046.69,979.67,53.59,652,59.5092,0.1769,E
4928,8,1040.76,979.67,54.56,393,77.8626,0.2135,E
4929,6,1039.28,969.68,54.07,662,90.1813,0.2138,E
4930,6,1016.45,959.68,54.07,811,82.3674,0.2108,E
4931,7,1018.55,959.68,55.57,613,94.4535,0.2182,E
4932,7,1044.84,989.67,55.06,328,94.8171,0.2127,E
4933,7,1041.87,969.68,55.06,411,78.1022,0.2133,E
4934,7,1028.18,959.68,56.62,542,90.4059,0.1801,E
4935,7,1018.95,949.68,56.62,591,93.9086,0.1753,E
4936,7,1027.44,949.68,54.07,724,71.6851,0.1802,E
4937,7,1033.36,959.68,54.07,546,63.0037,0.1434,E
4938,7,1001.81,939.69,56.62,487,78.2341,0.1783,E
4939,7,1005.22,939.69,56.09,402,76.6169,0.1842,E
4940,7,1022.99,949.68,56.09,648,67.9012,0.2172,E
4941,6,1040.02,969.68,54.07,830,86.0241,0.1781,E
4942,7,1055.42,979.67,54.07,1294,89.1036,0.1822,E
4943,7,1053.72,969.68,54.07,1073,82.8518,0.1757,E
4944,7,1036.69,939.69,55.06,1041,88.3766,0.1786,E
4945,7,1027.06,939.69,55.06,914,77.4617,0.2164,E
4946,7,1048.54,959.68,53.59,718,74.9304,0.1766,E
4947,7,1060.03,999.67,53.59,692,65.7514,0.1451,E
4948,7,1024.47,929.69,54.56,826,76.5133,0.1808,E
4949,7,1023.94,929.69,54.07,1038,85.4528,0.2093,E
4950,6,1042.25,959.68,54.07,843,88.1376,0.1777,E
4951,6,1025.21,899.7,55.06,1254,56.7783,0.1806,E
4952,6,1009.66,899.7,55.06,1115,65.5605,0.2122,E
4953,8,1022.25,959.68,55.06,756,83.5979,0.1812,E
4954,7,1054.65,979.67,54.56,669,53.5127,0.1459,E
4955,7,1058.49,969.68,54.56,765,36.9935,0.1817,E
4956,8,1040.76,939.69,54.56,813,63.2226,0.1423,E
4957,8,1027.51,939.69,53.59,1434,86.6806,0.1738,E
4958,7,1029.66,949.68,53.59,1046,87.4761,0.1799,E
4959,8,1018.55,949.68,55.06,754,91.1141,0.2182,E
4960,5,1034.47,949.68,53.59,871,77.3823,0.2148,E
4961,6,1044.1,949.68,53.59,820,81.3415,0.1774,E
4962,5,1039.65,979.67,54.56,665,93.0827,0.1781,E
4963,9,1043.73,979.67,54.07,782,68.798,0.1774,E
4964,7,1038.17,939.69,54.07,1482,59.1093,0.1784,E
4965,5,1052.34,939.69,53.12,1542,45.5253,0.1827,E
4966,7,1065.8,999.67,53.12,880,68.1818,0.1804,E
4967,7,1057.34,999.67,53.12,784,66.4541,0.1819,E
4968,6,1054.83,989.67,53.59,932,70.1717,0.1756,E
4969,6,1071.95,1009.66,52.19,988,82.99600000000001,0.1794,E
4970,7,1058.88,969.68,52.19,1193,91.5339,0.1816,E
4971,10,1043.5,969.68,53.59,1250,88.32,0.1843,E
4972,7,1035.21,939.69,54.56,1387,85.0036,0.2147,E
4973,7,1038.54,939.69,54.07,946,88.055,0.1783,E
4974,7,1047.43,949.68,54.07,779,89.2169,0.1768,E
4975,9,1037.8,949.68,54.56,855,91.345,0.1784,E
4976,8,1043.11,969.68,53.12,854,75.9953,0.1844,E
4977,8,1035.58,959.68,53.12,741,66.9366,0.1788,E
4978,8,1024.47,959.68,55.57,889,83.1271,0.1808,E
4979,9,1042.62,949.68,53.59,1332,73.9489,0.1776,E
4980,8,1043.11,949.68,53.59,1260,73.25399999999999,0.1844,E
4981,7,1023.73,959.68,55.06,987,82.1682,0.1809,E
4982,7,1016.09,939.69,55.57,894,68.3445,0.2109,E
4983,6,1018.18,929.69,55.57,703,81.9346,0.2183,E
4984,8,1015.59,929.69,53.59,890,82.3596,0.1823,E
4985,7,1036.32,949.68,53.59,622,67.5241,0.2144,E
4986,7,1042.99,979.67,54.07,578,83.045,0.2131,E
4987,6,1049.65,979.67,52.65,609,93.1034,0.1764,E
4988,7,1059.26,969.68,52.65,949,79.3467,0.1816,E
4989,6,1039.28,959.68,54.56,980,65.7143,0.1782,E
4990,7,1053.72,959.68,53.59,1000,80.1,0.1757,E
4991,7,1047.34,969.68,53.59,672,94.0476,0.1836,E
4992,6,1034.47,969.68,55.06,598,80.4348,0.179,E
4993,7,1021.09,949.68,56.62,635,85.6693,0.2099,E
4994,6,1017.81,939.69,53.59,1469,57.1137,0.182,E
4995,6,1050.8,939.69,52.19,1110,57.3874,0.183,E
4996,7,1066.18,969.68,52.19,589,46.0102,0.1804,E
4997,7,1041.13,959.68,53.59,759,50.9881,0.1779,E
4998,6,1033.36,959.68,54.07,609,82.266,0.1792,E
4999,7,1056.96,979.67,54.07,628,66.5605,0.182,E
5000,8,1058.11,979.67,53.59,923,60.3467,0.1818,E
5001,7,1034.47,889.7,53.59,1497,48.3634,0.179,E
5002,7,1002.17,889.7,54.56,1427,44.2186,0.1782,E
5003,7,983.6,899.7,54.56,1487,59.9193,0.1816,E
5004,8,973.25,899.7,57.71,1352,61.0207,0.1835,E
5005,7,1014.85,899.7,52.65,1564,71.0997,0.1825,E
5006,6,1041.13,919.69,52.65,1424,60.8146,0.1779,E
